question,row_count,columns,sample_rows_json
List all products,110,"productCode, productName, productLine, productScale, productVendor, productDescription, quantityInStock, buyPrice, MSRP","[{""productCode"": ""S10_1678"", ""productName"": ""1969 Harley Davidson Ultimate Chopper"", ""productLine"": ""Motorcycles"", ""productScale"": ""1:10"", ""productVendor"": ""Min Lin Diecast"", ""productDescription"": ""This replica features working kickstand, front suspension, gear-shift lever, footbrake lever, drive chain, wheels and steering. All parts are particularly delicate due to their precise scale and require special care and attention."", ""quantityInStock"": 7933, ""buyPrice"": 48.81, ""MSRP"": 95.7}, {""productCode"": ""S10_1949"", ""productName"": ""1952 Alpine Renault 1300"", ""productLine"": ""Classic Cars"", ""productScale"": ""1:10"", ""productVendor"": ""Classic Metal Creations"", ""productDescription"": ""Turnable front wheels; steering function; detailed interior; detailed engine; opening hood; opening trunk; opening doors; and detailed chassis."", ""quantityInStock"": 7305, ""buyPrice"": 98.58, ""MSRP"": 214.3}, {""productCode"": ""S10_2016"", ""productName"": ""1996 Moto Guzzi 1100i"", ""productLine"": ""Motorcycles"", ""productScale"": ""1:10"", ""productVendor"": ""Highway 66 Mini Classics"", ""productDescription"": ""Official Moto Guzzi logos and insignias, saddle bags located on side of motorcycle, detailed engine, working steering, working suspension, two leather seats, luggage rack, dual exhaust pipes, small saddle bag located on handle bars, two-tone paint with chrome accents, superior die-cast detail , rotating wheels , working kick stand, diecast metal with plastic parts and baked enamel finish."", ""quantityInStock"": 6625, ""buyPrice"": 68.99, ""MSRP"": 118.94}, {""productCode"": ""S10_4698"", ""productName"": ""2003 Harley-Davidson Eagle Drag Bike"", ""productLine"": ""Motorcycles"", ""productScale"": ""1:10"", ""productVendor"": ""Red Start Diecast"", ""productDescription"": ""Model features, official Harley Davidson logos and insignias, detachable rear wheelie bar, heavy diecast metal with resin parts, authentic multi-color tampo-printed graphics, separate engine drive belts, free-turning front fork, rotating tires and rear racing slick, certificate of authenticity, detailed engine, display stand , precision diecast replica, baked enamel finish, 1:10 scale model, removable fender, seat and tank cover piece for displaying the superior detail of the v-twin engine"", ""quantityInStock"": 5582, ""buyPrice"": 91.02, ""MSRP"": 193.66}, {""productCode"": ""S10_4757"", ""productName"": ""1972 Alfa Romeo GTA"", ""productLine"": ""Classic Cars"", ""productScale"": ""1:10"", ""productVendor"": ""Motor City Art Classics"", ""productDescription"": ""Features include: Turnable front wheels; steering function; detailed interior; detailed engine; opening hood; opening trunk; opening doors; and detailed chassis."", ""quantityInStock"": 3252, ""buyPrice"": 85.68, ""MSRP"": 136}]"
Get all customers,122,"customerNumber, customerName, contactLastName, contactFirstName, phone, addressLine1, addressLine2, city, state, postalCode, country, salesRepEmployeeNumber, creditLimit","[{""customerNumber"": 103, ""customerName"": ""Atelier graphique"", ""contactLastName"": ""Schmitt"", ""contactFirstName"": ""Carine "", ""phone"": ""40.32.2555"", ""addressLine1"": ""54, rue Royale"", ""addressLine2"": null, ""city"": ""Nantes"", ""state"": null, ""postalCode"": ""44000"", ""country"": ""France"", ""salesRepEmployeeNumber"": 1370, ""creditLimit"": 21000}, {""customerNumber"": 112, ""customerName"": ""Signal Gift Stores"", ""contactLastName"": ""King"", ""contactFirstName"": ""Jean"", ""phone"": ""7025551838"", ""addressLine1"": ""8489 Strong St."", ""addressLine2"": null, ""city"": ""Las Vegas"", ""state"": ""NV"", ""postalCode"": ""83030"", ""country"": ""USA"", ""salesRepEmployeeNumber"": 1166, ""creditLimit"": 71800}, {""customerNumber"": 114, ""customerName"": ""Australian Collectors, Co."", ""contactLastName"": ""Ferguson"", ""contactFirstName"": ""Peter"", ""phone"": ""03 9520 4555"", ""addressLine1"": ""636 St Kilda Road"", ""addressLine2"": ""Level 3"", ""city"": ""Melbourne"", ""state"": ""Victoria"", ""postalCode"": ""3004"", ""country"": ""Australia"", ""salesRepEmployeeNumber"": 1611, ""creditLimit"": 117300}, {""customerNumber"": 119, ""customerName"": ""La Rochelle Gifts"", ""contactLastName"": ""Labrune"", ""contactFirstName"": ""Janine "", ""phone"": ""40.67.8555"", ""addressLine1"": ""67, rue des Cinquante Otages"", ""addressLine2"": null, ""city"": ""Nantes"", ""state"": null, ""postalCode"": ""44000"", ""country"": ""France"", ""salesRepEmployeeNumber"": 1370, ""creditLimit"": 118200}, {""customerNumber"": 121, ""customerName"": ""Baane Mini Imports"", ""contactLastName"": ""Bergulfsen"", ""contactFirstName"": ""Jonas "", ""phone"": ""07-98 9555"", ""addressLine1"": ""Erling Skakkes gate 78"", ""addressLine2"": null, ""city"": ""Stavern"", ""state"": null, ""postalCode"": ""4110"", ""country"": ""Norway"", ""salesRepEmployeeNumber"": 1504, ""creditLimit"": 81700}]"
Show all orders,326,"orderNumber, orderDate, requiredDate, shippedDate, status, comments, customerNumber","[{""orderNumber"": 10100, ""orderDate"": ""2003-01-06"", ""requiredDate"": ""2003-01-13"", ""shippedDate"": ""2003-01-10"", ""status"": ""Shipped"", ""comments"": null, ""customerNumber"": 363}, {""orderNumber"": 10101, ""orderDate"": ""2003-01-09"", ""requiredDate"": ""2003-01-18"", ""shippedDate"": ""2003-01-11"", ""status"": ""Shipped"", ""comments"": ""Check on availability."", ""customerNumber"": 128}, {""orderNumber"": 10102, ""orderDate"": ""2003-01-10"", ""requiredDate"": ""2003-01-18"", ""shippedDate"": ""2003-01-14"", ""status"": ""Shipped"", ""comments"": null, ""customerNumber"": 181}, {""orderNumber"": 10103, ""orderDate"": ""2003-01-29"", ""requiredDate"": ""2003-02-07"", ""shippedDate"": ""2003-02-02"", ""status"": ""Shipped"", ""comments"": null, ""customerNumber"": 121}, {""orderNumber"": 10104, ""orderDate"": ""2003-01-31"", ""requiredDate"": ""2003-02-09"", ""shippedDate"": ""2003-02-01"", ""status"": ""Shipped"", ""comments"": null, ""customerNumber"": 141}]"
List all employees,23,"employeeNumber, lastName, firstName, extension, email, officeCode, reportsTo, jobTitle","[{""employeeNumber"": 1002, ""lastName"": ""Murphy"", ""firstName"": ""Diane"", ""extension"": ""x5800"", ""email"": ""dmurphy@classicmodelcars.com"", ""officeCode"": ""1"", ""reportsTo"": null, ""jobTitle"": ""President""}, {""employeeNumber"": 1056, ""lastName"": ""Patterson"", ""firstName"": ""Mary"", ""extension"": ""x4611"", ""email"": ""mpatterso@classicmodelcars.com"", ""officeCode"": ""1"", ""reportsTo"": 1002, ""jobTitle"": ""VP Sales""}, {""employeeNumber"": 1076, ""lastName"": ""Firrelli"", ""firstName"": ""Jeff"", ""extension"": ""x9273"", ""email"": ""jfirrelli@classicmodelcars.com"", ""officeCode"": ""1"", ""reportsTo"": 1002, ""jobTitle"": ""VP Marketing""}, {""employeeNumber"": 1088, ""lastName"": ""Patterson"", ""firstName"": ""William"", ""extension"": ""x4871"", ""email"": ""wpatterson@classicmodelcars.com"", ""officeCode"": ""6"", ""reportsTo"": 1056, ""jobTitle"": ""Sales Manager (APAC)""}, {""employeeNumber"": 1102, ""lastName"": ""Bondur"", ""firstName"": ""Gerard"", ""extension"": ""x5408"", ""email"": ""gbondur@classicmodelcars.com"", ""officeCode"": ""4"", ""reportsTo"": 1056, ""jobTitle"": ""Sale Manager (EMEA)""}]"
Get all offices,7,"officeCode, city, phone, addressLine1, addressLine2, state, country, postalCode, territory","[{""officeCode"": ""1"", ""city"": ""San Francisco"", ""phone"": ""+1 650 219 4782"", ""addressLine1"": ""100 Market Street"", ""addressLine2"": ""Suite 300"", ""state"": ""CA"", ""country"": ""USA"", ""postalCode"": ""94080"", ""territory"": ""NA""}, {""officeCode"": ""2"", ""city"": ""Boston"", ""phone"": ""+1 215 837 0825"", ""addressLine1"": ""1550 Court Place"", ""addressLine2"": ""Suite 102"", ""state"": ""MA"", ""country"": ""USA"", ""postalCode"": ""02107"", ""territory"": ""NA""}, {""officeCode"": ""3"", ""city"": ""NYC"", ""phone"": ""+1 212 555 3000"", ""addressLine1"": ""523 East 53rd Street"", ""addressLine2"": ""apt. 5A"", ""state"": ""NY"", ""country"": ""USA"", ""postalCode"": ""10022"", ""territory"": ""NA""}, {""officeCode"": ""4"", ""city"": ""Paris"", ""phone"": ""+33 14 723 4404"", ""addressLine1"": ""43 Rue Jouffroy Dabbans"", ""addressLine2"": null, ""state"": null, ""country"": ""France"", ""postalCode"": ""75017"", ""territory"": ""EMEA""}, {""officeCode"": ""5"", ""city"": ""Tokyo"", ""phone"": ""+81 33 224 5000"", ""addressLine1"": ""4-1 Kioicho"", ""addressLine2"": null, ""state"": ""Chiyoda-Ku"", ""country"": ""Japan"", ""postalCode"": ""102-8578"", ""territory"": ""Japan""}]"
Show all product lines,7,"productLine, textDescription, htmlDescription, image","[{""productLine"": ""Classic Cars"", ""textDescription"": ""Attention car enthusiasts: Make your wildest car ownership dreams come true. Whether you are looking for classic muscle cars, dream sports cars or movie-inspired miniatures, you will find great choices in this category. These replicas feature superb attention to detail and craftsmanship and offer features such as working steering system, opening forward compartment, opening rear trunk with removable spare wheel, 4-wheel independent spring suspension, and so on. The models range in size from 1:10 to 1:24 scale and include numerous limited edition and several out-of-production vehicles. All models include a certificate of authenticity from their manufacturers and come fully assembled and ready for display in the home or office."", ""htmlDescription"": null, ""image"": null}, {""productLine"": ""Motorcycles"", ""textDescription"": ""Our motorcycles are state of the art replicas of classic as well as contemporary motorcycle legends such as Harley Davidson, Ducati and Vespa. Models contain stunning details such as official logos, rotating wheels, working kickstand, front suspension, gear-shift lever, footbrake lever, and drive chain. Materials used include diecast and plastic. The models range in size from 1:10 to 1:50 scale and include numerous limited edition and several out-of-production vehicles. All models come fully assembled and ready for display in the home or office. Most include a certificate of authenticity."", ""htmlDescription"": null, ""image"": null}, {""productLine"": ""Planes"", ""textDescription"": ""Unique, diecast airplane and helicopter replicas suitable for collections, as well as home, office or classroom decorations. Models contain stunning details such as official logos and insignias, rotating jet engines and propellers, retractable wheels, and so on. Most come fully assembled and with a certificate of authenticity from their manufacturers."", ""htmlDescription"": null, ""image"": null}, {""productLine"": ""Ships"", ""textDescription"": ""The perfect holiday or anniversary gift for executives, clients, friends, and family. These handcrafted model ships are unique, stunning works of art that will be treasured for generations! They come fully assembled and ready for display in the home or office. We guarantee the highest quality, and best value."", ""htmlDescription"": null, ""image"": null}, {""productLine"": ""Trains"", ""textDescription"": ""Model trains are a rewarding hobby for enthusiasts of all ages. Whether you are looking for collectible wooden trains, electric streetcars or locomotives, youwill find a number of great choices for any budget within this category. The interactive aspect of trains makes toy trains perfect for young children. The wooden train sets are ideal for children under the age of 5."", ""htmlDescription"": null, ""image"": null}]"
List all payments,273,"customerNumber, checkNumber, paymentDate, amount","[{""customerNumber"": 103, ""checkNumber"": ""HQ336336"", ""paymentDate"": ""2004-10-19"", ""amount"": 6066.78}, {""customerNumber"": 103, ""checkNumber"": ""JM555205"", ""paymentDate"": ""2003-06-05"", ""amount"": 14571.44}, {""customerNumber"": 103, ""checkNumber"": ""OM314933"", ""paymentDate"": ""2004-12-18"", ""amount"": 1676.14}, {""customerNumber"": 112, ""checkNumber"": ""BO864823"", ""paymentDate"": ""2004-12-17"", ""amount"": 14191.12}, {""customerNumber"": 112, ""checkNumber"": ""HQ55022"", ""paymentDate"": ""2003-06-06"", ""amount"": 32641.98}]"
Get product names and prices,110,"productName, buyPrice, MSRP","[{""productName"": ""18th Century Vintage Horse Carriage"", ""buyPrice"": 60.74, ""MSRP"": 104.72}, {""productName"": ""18th century schooner"", ""buyPrice"": 82.34, ""MSRP"": 122.89}, {""productName"": ""1900s Vintage Bi-Plane"", ""buyPrice"": 34.25, ""MSRP"": 68.51}, {""productName"": ""1900s Vintage Tri-Plane"", ""buyPrice"": 36.23, ""MSRP"": 72.45}, {""productName"": ""1903 Ford Model A"", ""buyPrice"": 68.3, ""MSRP"": 136.59}]"
Get customer names and cities,122,"customerName, city","[{""customerName"": ""ANG Resellers"", ""city"": ""Madrid""}, {""customerName"": ""AV Stores, Co."", ""city"": ""Manchester""}, {""customerName"": ""Alpha Cognac"", ""city"": ""Toulouse""}, {""customerName"": ""American Souvenirs Inc"", ""city"": ""New Haven""}, {""customerName"": ""Amica Models & Co."", ""city"": ""Torino""}]"
List employee first and last names,23,"firstName, lastName","[{""firstName"": ""Gerard"", ""lastName"": ""Bondur""}, {""firstName"": ""Loui"", ""lastName"": ""Bondur""}, {""firstName"": ""Larry"", ""lastName"": ""Bott""}, {""firstName"": ""Anthony"", ""lastName"": ""Bow""}, {""firstName"": ""Pamela"", ""lastName"": ""Castillo""}]"
Get all order dates,326,"orderNumber, orderDate","[{""orderNumber"": 10100, ""orderDate"": ""2003-01-06""}, {""orderNumber"": 10101, ""orderDate"": ""2003-01-09""}, {""orderNumber"": 10102, ""orderDate"": ""2003-01-10""}, {""orderNumber"": 10103, ""orderDate"": ""2003-01-29""}, {""orderNumber"": 10104, ""orderDate"": ""2003-01-31""}]"
Show product vendor list,13,productVendor,"[{""productVendor"": ""Autoart Studio Design""}, {""productVendor"": ""Carousel DieCast Legends""}, {""productVendor"": ""Classic Metal Creations""}, {""productVendor"": ""Exoto Designs""}, {""productVendor"": ""Gearbox Collectibles""}]"
Get all product codes,110,productCode,"[{""productCode"": ""S10_1678""}, {""productCode"": ""S10_1949""}, {""productCode"": ""S10_2016""}, {""productCode"": ""S10_4698""}, {""productCode"": ""S10_4757""}]"
List all countries from offices,5,country,"[{""country"": ""Australia""}, {""country"": ""France""}, {""country"": ""Japan""}, {""country"": ""UK""}, {""country"": ""USA""}]"
Show all order statuses,6,status,"[{""status"": ""Cancelled""}, {""status"": ""Disputed""}, {""status"": ""In Process""}, {""status"": ""On Hold""}, {""status"": ""Resolved""}]"
Get all payment amounts,273,"customerNumber, checkNumber, amount","[{""customerNumber"": 141, ""checkNumber"": ""JE105477"", ""amount"": 120166.58}, {""customerNumber"": 141, ""checkNumber"": ""ID10962"", ""amount"": 116208.4}, {""customerNumber"": 124, ""checkNumber"": ""KI131716"", ""amount"": 111654.4}, {""customerNumber"": 148, ""checkNumber"": ""KM172879"", ""amount"": 105743}, {""customerNumber"": 124, ""checkNumber"": ""AE215433"", ""amount"": 101244.59}]"
List all job titles,7,jobTitle,"[{""jobTitle"": ""President""}, {""jobTitle"": ""Sale Manager (EMEA)""}, {""jobTitle"": ""Sales Manager (APAC)""}, {""jobTitle"": ""Sales Manager (NA)""}, {""jobTitle"": ""Sales Rep""}]"
Get customer phone numbers,122,"customerName, phone","[{""customerName"": ""ANG Resellers"", ""phone"": ""(91) 745 6555""}, {""customerName"": ""AV Stores, Co."", ""phone"": ""(171) 555-1555""}, {""customerName"": ""Alpha Cognac"", ""phone"": ""61.77.6555""}, {""customerName"": ""American Souvenirs Inc"", ""phone"": ""2035557845""}, {""customerName"": ""Amica Models & Co."", ""phone"": ""011-4988555""}]"
Show product MSRP values,110,"productName, MSRP","[{""productName"": ""18th Century Vintage Horse Carriage"", ""MSRP"": 104.72}, {""productName"": ""18th century schooner"", ""MSRP"": 122.89}, {""productName"": ""1900s Vintage Bi-Plane"", ""MSRP"": 68.51}, {""productName"": ""1900s Vintage Tri-Plane"", ""MSRP"": 72.45}, {""productName"": ""1903 Ford Model A"", ""MSRP"": 136.59}]"
List order numbers,326,orderNumber,"[{""orderNumber"": 10100}, {""orderNumber"": 10101}, {""orderNumber"": 10102}, {""orderNumber"": 10103}, {""orderNumber"": 10104}]"
Get orders with customer names,326,"orderNumber, orderDate, status, customerName","[{""orderNumber"": 10100, ""orderDate"": ""2003-01-06"", ""status"": ""Shipped"", ""customerName"": ""Online Diecast Creations Co.""}, {""orderNumber"": 10101, ""orderDate"": ""2003-01-09"", ""status"": ""Shipped"", ""customerName"": ""Blauer See Auto, Co.""}, {""orderNumber"": 10102, ""orderDate"": ""2003-01-10"", ""status"": ""Shipped"", ""customerName"": ""Vitachrome Inc.""}, {""orderNumber"": 10103, ""orderDate"": ""2003-01-29"", ""status"": ""Shipped"", ""customerName"": ""Baane Mini Imports""}, {""orderNumber"": 10104, ""orderDate"": ""2003-01-31"", ""status"": ""Shipped"", ""customerName"": ""Euro+ Shopping Channel""}]"
Get employees with office city,23,"employeeNumber, firstName, lastName, office_city","[{""employeeNumber"": 1002, ""firstName"": ""Diane"", ""lastName"": ""Murphy"", ""office_city"": ""San Francisco""}, {""employeeNumber"": 1056, ""firstName"": ""Mary"", ""lastName"": ""Patterson"", ""office_city"": ""San Francisco""}, {""employeeNumber"": 1076, ""firstName"": ""Jeff"", ""lastName"": ""Firrelli"", ""office_city"": ""San Francisco""}, {""employeeNumber"": 1088, ""firstName"": ""William"", ""lastName"": ""Patterson"", ""office_city"": ""Sydney""}, {""employeeNumber"": 1102, ""firstName"": ""Gerard"", ""lastName"": ""Bondur"", ""office_city"": ""Paris""}]"
Get payments with customer names,273,"checkNumber, paymentDate, amount, customerName","[{""checkNumber"": ""IS232033"", ""paymentDate"": ""2003-01-16"", ""amount"": 10223.83, ""customerName"": ""Online Diecast Creations Co.""}, {""checkNumber"": ""DI925118"", ""paymentDate"": ""2003-01-28"", ""amount"": 10549.01, ""customerName"": ""Blauer See Auto, Co.""}, {""checkNumber"": ""GQ132144"", ""paymentDate"": ""2003-01-30"", ""amount"": 5494.78, ""customerName"": ""Vitachrome Inc.""}, {""checkNumber"": ""DB889831"", ""paymentDate"": ""2003-02-16"", ""amount"": 50218.95, ""customerName"": ""Baane Mini Imports""}, {""checkNumber"": ""JJ246391"", ""paymentDate"": ""2003-02-20"", ""amount"": 53959.21, ""customerName"": ""Danish Wholesale Imports""}]"
Get order details with product names,2996,"orderNumber, productName, quantityOrdered, priceEach","[{""orderNumber"": 10100, ""productName"": ""1911 Ford Town Car"", ""quantityOrdered"": 50, ""priceEach"": 55.09}, {""orderNumber"": 10100, ""productName"": ""1917 Grand Touring Sedan"", ""quantityOrdered"": 30, ""priceEach"": 136}, {""orderNumber"": 10100, ""productName"": ""1932 Alfa Romeo 8C2300 Spider Sport"", ""quantityOrdered"": 22, ""priceEach"": 75.46}, {""orderNumber"": 10100, ""productName"": ""1936 Mercedes Benz 500k Roadster"", ""quantityOrdered"": 49, ""priceEach"": 35.29}, {""orderNumber"": 10101, ""productName"": ""1928 Mercedes-Benz SSK"", ""quantityOrdered"": 26, ""priceEach"": 167.06}]"
Get products with product line description,110,"productCode, productName, productLine, textDescription","[{""productCode"": ""S10_1678"", ""productName"": ""1969 Harley Davidson Ultimate Chopper"", ""productLine"": ""Motorcycles"", ""textDescription"": ""Our motorcycles are state of the art replicas of classic as well as contemporary motorcycle legends such as Harley Davidson, Ducati and Vespa. Models contain stunning details such as official logos, rotating wheels, working kickstand, front suspension, gear-shift lever, footbrake lever, and drive chain. Materials used include diecast and plastic. The models range in size from 1:10 to 1:50 scale and include numerous limited edition and several out-of-production vehicles. All models come fully assembled and ready for display in the home or office. Most include a certificate of authenticity.""}, {""productCode"": ""S10_1949"", ""productName"": ""1952 Alpine Renault 1300"", ""productLine"": ""Classic Cars"", ""textDescription"": ""Attention car enthusiasts: Make your wildest car ownership dreams come true. Whether you are looking for classic muscle cars, dream sports cars or movie-inspired miniatures, you will find great choices in this category. These replicas feature superb attention to detail and craftsmanship and offer features such as working steering system, opening forward compartment, opening rear trunk with removable spare wheel, 4-wheel independent spring suspension, and so on. The models range in size from 1:10 to 1:24 scale and include numerous limited edition and several out-of-production vehicles. All models include a certificate of authenticity from their manufacturers and come fully assembled and ready for display in the home or office.""}, {""productCode"": ""S10_2016"", ""productName"": ""1996 Moto Guzzi 1100i"", ""productLine"": ""Motorcycles"", ""textDescription"": ""Our motorcycles are state of the art replicas of classic as well as contemporary motorcycle legends such as Harley Davidson, Ducati and Vespa. Models contain stunning details such as official logos, rotating wheels, working kickstand, front suspension, gear-shift lever, footbrake lever, and drive chain. Materials used include diecast and plastic. The models range in size from 1:10 to 1:50 scale and include numerous limited edition and several out-of-production vehicles. All models come fully assembled and ready for display in the home or office. Most include a certificate of authenticity.""}, {""productCode"": ""S10_4698"", ""productName"": ""2003 Harley-Davidson Eagle Drag Bike"", ""productLine"": ""Motorcycles"", ""textDescription"": ""Our motorcycles are state of the art replicas of classic as well as contemporary motorcycle legends such as Harley Davidson, Ducati and Vespa. Models contain stunning details such as official logos, rotating wheels, working kickstand, front suspension, gear-shift lever, footbrake lever, and drive chain. Materials used include diecast and plastic. The models range in size from 1:10 to 1:50 scale and include numerous limited edition and several out-of-production vehicles. All models come fully assembled and ready for display in the home or office. Most include a certificate of authenticity.""}, {""productCode"": ""S10_4757"", ""productName"": ""1972 Alfa Romeo GTA"", ""productLine"": ""Classic Cars"", ""textDescription"": ""Attention car enthusiasts: Make your wildest car ownership dreams come true. Whether you are looking for classic muscle cars, dream sports cars or movie-inspired miniatures, you will find great choices in this category. These replicas feature superb attention to detail and craftsmanship and offer features such as working steering system, opening forward compartment, opening rear trunk with removable spare wheel, 4-wheel independent spring suspension, and so on. The models range in size from 1:10 to 1:24 scale and include numerous limited edition and several out-of-production vehicles. All models include a certificate of authenticity from their manufacturers and come fully assembled and ready for display in the home or office.""}]"
Get customers with sales rep names,122,"customerName, sales_rep_first_name, sales_rep_last_name","[{""customerName"": ""ANG Resellers"", ""sales_rep_first_name"": null, ""sales_rep_last_name"": null}, {""customerName"": ""AV Stores, Co."", ""sales_rep_first_name"": ""Larry"", ""sales_rep_last_name"": ""Bott""}, {""customerName"": ""Alpha Cognac"", ""sales_rep_first_name"": ""Gerard"", ""sales_rep_last_name"": ""Hernandez""}, {""customerName"": ""American Souvenirs Inc"", ""sales_rep_first_name"": ""Foon Yue"", ""sales_rep_last_name"": ""Tseng""}, {""customerName"": ""Amica Models & Co."", ""sales_rep_first_name"": ""Pamela"", ""sales_rep_last_name"": ""Castillo""}]"
Get orders with customer city,326,"orderNumber, orderDate, status, city","[{""orderNumber"": 10100, ""orderDate"": ""2003-01-06"", ""status"": ""Shipped"", ""city"": ""Nashua""}, {""orderNumber"": 10101, ""orderDate"": ""2003-01-09"", ""status"": ""Shipped"", ""city"": ""Frankfurt""}, {""orderNumber"": 10102, ""orderDate"": ""2003-01-10"", ""status"": ""Shipped"", ""city"": ""NYC""}, {""orderNumber"": 10103, ""orderDate"": ""2003-01-29"", ""status"": ""Shipped"", ""city"": ""Stavern""}, {""orderNumber"": 10104, ""orderDate"": ""2003-01-31"", ""status"": ""Shipped"", ""city"": ""Madrid""}]"
Get employees and their manager,23,"employeeNumber, firstName, lastName, manager_first_name, manager_last_name","[{""employeeNumber"": 1002, ""firstName"": ""Diane"", ""lastName"": ""Murphy"", ""manager_first_name"": null, ""manager_last_name"": null}, {""employeeNumber"": 1056, ""firstName"": ""Mary"", ""lastName"": ""Patterson"", ""manager_first_name"": ""Diane"", ""manager_last_name"": ""Murphy""}, {""employeeNumber"": 1076, ""firstName"": ""Jeff"", ""lastName"": ""Firrelli"", ""manager_first_name"": ""Diane"", ""manager_last_name"": ""Murphy""}, {""employeeNumber"": 1088, ""firstName"": ""William"", ""lastName"": ""Patterson"", ""manager_first_name"": ""Mary"", ""manager_last_name"": ""Patterson""}, {""employeeNumber"": 1102, ""firstName"": ""Gerard"", ""lastName"": ""Bondur"", ""manager_first_name"": ""Mary"", ""manager_last_name"": ""Patterson""}]"
Get orderdetails with product vendor,2996,"orderNumber, productCode, productVendor, quantityOrdered, priceEach","[{""orderNumber"": 10100, ""productCode"": ""S18_1749"", ""productVendor"": ""Welly Diecast Productions"", ""quantityOrdered"": 30, ""priceEach"": 136}, {""orderNumber"": 10100, ""productCode"": ""S18_2248"", ""productVendor"": ""Motor City Art Classics"", ""quantityOrdered"": 50, ""priceEach"": 55.09}, {""orderNumber"": 10100, ""productCode"": ""S18_4409"", ""productVendor"": ""Exoto Designs"", ""quantityOrdered"": 22, ""priceEach"": 75.46}, {""orderNumber"": 10100, ""productCode"": ""S24_3969"", ""productVendor"": ""Red Start Diecast"", ""quantityOrdered"": 49, ""priceEach"": 35.29}, {""orderNumber"": 10101, ""productCode"": ""S18_2325"", ""productVendor"": ""Autoart Studio Design"", ""quantityOrdered"": 25, ""priceEach"": 108.06}]"
Get payments with customer country,273,"checkNumber, paymentDate, amount, country","[{""checkNumber"": ""IS232033"", ""paymentDate"": ""2003-01-16"", ""amount"": 10223.83, ""country"": ""USA""}, {""checkNumber"": ""DI925118"", ""paymentDate"": ""2003-01-28"", ""amount"": 10549.01, ""country"": ""Germany""}, {""checkNumber"": ""GQ132144"", ""paymentDate"": ""2003-01-30"", ""amount"": 5494.78, ""country"": ""USA""}, {""checkNumber"": ""DB889831"", ""paymentDate"": ""2003-02-16"", ""amount"": 50218.95, ""country"": ""Norway""}, {""checkNumber"": ""JJ246391"", ""paymentDate"": ""2003-02-20"", ""amount"": 53959.21, ""country"": ""Denmark""}]"
Count customers per country,28,"country, customer_count","[{""country"": ""USA"", ""customer_count"": 36}, {""country"": ""Germany"", ""customer_count"": 13}, {""country"": ""France"", ""customer_count"": 12}, {""country"": ""Spain"", ""customer_count"": 7}, {""country"": ""Australia"", ""customer_count"": 5}]"
Total payments per customer,122,"customerNumber, customerName, total_payments","[{""customerNumber"": 141, ""customerName"": ""Euro+ Shopping Channel"", ""total_payments"": 715738.98}, {""customerNumber"": 124, ""customerName"": ""Mini Gifts Distributors Ltd."", ""total_payments"": 584188.24}, {""customerNumber"": 114, ""customerName"": ""Australian Collectors, Co."", ""total_payments"": 180585.07}, {""customerNumber"": 151, ""customerName"": ""Muscle Machine Inc"", ""total_payments"": 177913.94999999998}, {""customerNumber"": 148, ""customerName"": ""Dragon Souveniers, Ltd."", ""total_payments"": 156251.03}]"
Number of orders per status,6,"status, order_count","[{""status"": ""Shipped"", ""order_count"": 303}, {""status"": ""Cancelled"", ""order_count"": 6}, {""status"": ""In Process"", ""order_count"": 6}, {""status"": ""On Hold"", ""order_count"": 4}, {""status"": ""Resolved"", ""order_count"": 4}]"
Products per product line,7,"productLine, product_count","[{""productLine"": ""Classic Cars"", ""product_count"": 38}, {""productLine"": ""Vintage Cars"", ""product_count"": 24}, {""productLine"": ""Motorcycles"", ""product_count"": 13}, {""productLine"": ""Planes"", ""product_count"": 12}, {""productLine"": ""Trucks and Buses"", ""product_count"": 11}]"
Employees per office,7,"officeCode, city, employee_count","[{""officeCode"": ""1"", ""city"": ""San Francisco"", ""employee_count"": 6}, {""officeCode"": ""4"", ""city"": ""Paris"", ""employee_count"": 5}, {""officeCode"": ""6"", ""city"": ""Sydney"", ""employee_count"": 4}, {""officeCode"": ""2"", ""city"": ""Boston"", ""employee_count"": 2}, {""officeCode"": ""3"", ""city"": ""NYC"", ""employee_count"": 2}]"
Total stock per product vendor,13,"productVendor, total_stock","[{""productVendor"": ""Gearbox Collectibles"", ""total_stock"": 60495}, {""productVendor"": ""Min Lin Diecast"", ""total_stock"": 50089}, {""productVendor"": ""Classic Metal Creations"", ""total_stock"": 45408}, {""productVendor"": ""Welly Diecast Productions"", ""total_stock"": 45095}, {""productVendor"": ""Exoto Designs"", ""total_stock"": 44166}]"
Average buy price per product line,7,"productLine, average_buy_price","[{""productLine"": ""Classic Cars"", ""average_buy_price"": 64.45}, {""productLine"": ""Trucks and Buses"", ""average_buy_price"": 56.33}, {""productLine"": ""Motorcycles"", ""average_buy_price"": 50.69}, {""productLine"": ""Planes"", ""average_buy_price"": 49.63}, {""productLine"": ""Ships"", ""average_buy_price"": 47.01}]"
Orders per customer,122,"customerNumber, customerName, order_count","[{""customerNumber"": 141, ""customerName"": ""Euro+ Shopping Channel"", ""order_count"": 26}, {""customerNumber"": 124, ""customerName"": ""Mini Gifts Distributors Ltd."", ""order_count"": 17}, {""customerNumber"": 114, ""customerName"": ""Australian Collectors, Co."", ""order_count"": 5}, {""customerNumber"": 145, ""customerName"": ""Danish Wholesale Imports"", ""order_count"": 5}, {""customerNumber"": 323, ""customerName"": ""Down Under Souveniers, Inc"", ""order_count"": 5}]"
Max MSRP per product line,7,"productLine, max_msrp","[{""productLine"": ""Classic Cars"", ""max_msrp"": 214.3}, {""productLine"": ""Motorcycles"", ""max_msrp"": 193.66}, {""productLine"": ""Vintage Cars"", ""max_msrp"": 170}, {""productLine"": ""Planes"", ""max_msrp"": 157.69}, {""productLine"": ""Trucks and Buses"", ""max_msrp"": 136.67}]"
Min buy price per vendor,13,"productVendor, min_buy_price","[{""productVendor"": ""Carousel DieCast Legends"", ""min_buy_price"": 15.91}, {""productVendor"": ""Second Gear Diecast"", ""min_buy_price"": 16.24}, {""productVendor"": ""Classic Metal Creations"", ""min_buy_price"": 20.61}, {""productVendor"": ""Red Start Diecast"", ""min_buy_price"": 21.75}, {""productVendor"": ""Motor City Art Classics"", ""min_buy_price"": 22.57}]"
Total number of customers,1,total_customers,"[{""total_customers"": 122}]"
Total number of products,1,total_products,"[{""total_products"": 110}]"
Total revenue from payments,1,total_revenue,"[{""total_revenue"": 8853839.23}]"
Average product price,1,average_product_price,"[{""average_product_price"": 54.4}]"
Max payment amount,1,max_payment_amount,"[{""max_payment_amount"": 120166.58}]"
Min payment amount,1,min_payment_amount,"[{""min_payment_amount"": 615.45}]"
Count total orders,1,total_orders,"[{""total_orders"": 326}]"
Total quantity in stock,1,total_quantity_in_stock,"[{""total_quantity_in_stock"": 555131}]"
Average MSRP,1,average_msrp,"[{""average_msrp"": 100.44}]"
Number of employees,1,total_employees,"[{""total_employees"": 23}]"
